{"stats":{"minecraft:used":{"alexsmobs:animal_dictionary":1},"minecraft:picked_up":{"minecraft:spruce_log":5},"minecraft:crafted":{"minecraft:spruce_planks":20},"minecraft:custom":{"minecraft:jump":29,"minecraft:time_since_rest":17967,"minecraft:damage_dealt":10,"minecraft:damage_taken":30,"minecraft:crouch_one_cm":488,"minecraft:leave_game":1,"minecraft:play_time":17967,"minecraft:sprint_one_cm":7932,"minecraft:time_since_death":17967,"minecraft:walk_one_cm":5090,"minecraft:total_world_time":17967,"minecraft:sneak_time":490,"minecraft:mob_kills":1,"minecraft:fall_one_cm":987,"minecraft:fly_one_cm":5632},"minecraft:killed":{"luminousworld:mourning_cloak":1},"minecraft:mined":{"minecraft:spruce_log":5}},"DataVersion":3465}