{"stats":{"minecraft:picked_up":{"alexscaves:raw_scarlet_neodymium":98,"minecraft:coarse_dirt":2,"minecraft:crafting_table":2,"minecraft:chicken":1,"alexscaves:metal_barrel":2,"minecraft:diamond_sword":2,"minecraft:brown_bed":7,"iceandfire:frozen_cobblestone":16,"minecraft:chain":6,"minecraft:blue_concrete":1,"alexscaves:metal_swarf":28,"minecraft:string":4,"iceandfire:frozen_stone":7,"minecraft:raw_copper":5,"alexscaves:scrap_metal_plate":13,"deeperdarker:warden_carapace":4,"alexscaves:scrap_metal":11,"minecraft:cobbled_deepslate":42,"minecraft:smooth_stone":2,"minecraft:spruce_planks":8,"minecraft:beef":4,"minecraft:cyan_wool":4,"minecraft:poppy":1,"twilightforest:towerwood":11,"minecraft:sugar_cane":14,"minecraft:iron_boots":1,"minecraft:furnace":1,"luminousworld:auburnlog":7,"iceandfire:dragonbone":14,"alexscaves:tesla_bulb":1,"minecraft:torch":2,"alexscaves:raw_azure_neodymium":27,"deeperdarker:heart_of_the_deep":1,"minecraft:porkchop":1,"minecraft:pointed_dripstone":2,"tombstone:grave_dust":2,"minecraft:diorite":2,"iceandfire:dragon_skull_ice":1,"minecraft:arrow":1,"minecraft:rotten_flesh":16,"minecraft:tropical_fish":2,"alexscaves:notor_gizmo":8,"supplementaries:ash":2,"minecraft:snowball":336,"minecraft:cobblestone":90,"alexscaves:seeking_arrow":9,"minecraft:feather":1,"luminousworld:ishstone":5,"minecraft:leather":2,"alexsmobs:bear_fur":14,"alexscaves:heavyweight":1,"minecraft:potato":1,"minecraft:oak_log":39,"luminousworld:raw_venison":2,"minecraft:gunpowder":1,"alexscaves:ferrouslime_ball":1,"minecraft:dirt":20,"minecraft:paper":4,"tombstone:gift":2,"alexscaves:galena":116,"minecraft:name_tag":1,"minecraft:stone_bricks":3,"minecraft:kelp":2,"alexscaves:packed_galena":2,"minecraft:iron_ingot":24,"minecraft:mossy_stone_bricks":1,"luminousworld:autumnplank":1,"minecraft:book":6,"minecraft:sculk_catalyst":1,"minecraft:smooth_basalt":3,"minecraft:spruce_sapling":4,"minecraft:ink_sac":4,"minecraft:spruce_log":13,"minecraft:dark_oak_log":2,"alexscaves:telecore":2,"minecraft:iron_hoe":1,"minecraft:diamond":1,"minecraft:granite":2,"alexsmobs:rainbow_jelly":2,"alexscaves:heart_of_iron":4,"minecraft:emerald":5,"alexscaves:azure_neodymium_pillar":20,"alexscaves:scarlet_neodymium_pillar":9,"minecraft:bread":1,"iceandfire:silver_nugget":16,"alexscaves:polarity_armor_trim_smithing_template":1,"minecraft:oak_sapling":1,"minecraft:damaged_anvil":2,"minecraft:coal":10,"iceandfire:raw_silver":1},"minecraft:custom":{"minecraft:interact_with_smithing_table":1,"minecraft:mob_kills":52,"minecraft:interact_with_crafting_table":26,"minecraft:open_barrel":10,"minecraft:damage_dealt_resisted":10,"minecraft:leave_game":8,"minecraft:time_since_death":29354,"minecraft:climb_one_cm":22390,"minecraft:sprint_one_cm":517875,"minecraft:walk_one_cm":538143,"minecraft:damage_blocked_by_shield":3295,"minecraft:drop":65,"minecraft:play_time":248462,"minecraft:deaths":43,"minecraft:sneak_time":3532,"minecraft:walk_under_water_one_cm":40852,"minecraft:boat_one_cm":406485,"minecraft:jump":3722,"minecraft:interact_with_brewingstand":1,"minecraft:interact_with_blast_furnace":1,"minecraft:walk_on_water_one_cm":56478,"minecraft:total_world_time":248462,"minecraft:interact_with_furnace":1,"tombstone:raider_killed":12,"minecraft:sleep_in_bed":6,"minecraft:time_since_rest":28925,"minecraft:damage_absorbed":40,"minecraft:damage_taken":13861,"minecraft:damage_dealt":8869,"minecraft:swim_one_cm":55147,"minecraft:fly_one_cm":1276931,"minecraft:open_chest":47,"minecraft:crouch_one_cm":4641,"tombstone:undead_killed":10,"minecraft:fall_one_cm":43858},"minecraft:broken":{"minecraft:leather_leggings":1,"minecraft:iron_helmet":1,"minecraft:golden_chestplate":1},"minecraft:dropped":{"minecraft:iron_sword":1,"minecraft:tropical_fish":1,"minecraft:dirt":1,"minecraft:ink_sac":4,"minecraft:snowball":131,"minecraft:string":3,"minecraft:spruce_sapling":1,"minecraft:smooth_basalt":1,"minecraft:kelp":2,"minecraft:coarse_dirt":2,"tombstone:gift":3,"minecraft:rotten_flesh":3,"minecraft:diamond_sword":1,"minecraft:poppy":1,"minecraft:cyan_wool":4,"twilightforest:carminite_golem_spawn_egg":1,"minecraft:spruce_planks":3,"alexscaves:scrap_metal_plate":6,"minecraft:stone_bricks":2,"minecraft:arrow":1,"minecraft:wooden_pickaxe":1},"minecraft:used":{"alexsmobs:spawn_egg_underminer":2,"minecraft:flint_and_steel":29,"alexsmobs:spawn_egg_mudskipper":3,"minecraft:spruce_planks":19,"minecraft:shield":46,"minecraft:iron_sword":26,"mutantmonsters:mutant_skeleton_spawn_egg":4,"alexscaves:galena":18,"minecraft:torch":15,"minecraft:dirt":18,"alexscaves:spawn_egg_nucleeper":1,"minecraft:golden_chestplate":1,"alexscaves:packed_galena":1,"alexscaves:resistor_shield":151,"alexsmobs:spawn_egg_terrapin":1,"minecraft:spruce_boat":1,"mutantmonsters:mutant_creeper_spawn_egg":5,"minecraft:iron_axe":53,"alexsmobs:spawn_egg_grizzly_bear":91,"mutantmonsters:mutant_enderman_spawn_egg":4,"earthmobsmod:furnace_golem_spawn_egg":18,"alexsmobs:spawn_egg_snow_leopard":5,"minecraft:smooth_basalt":30,"alexsmobs:spawn_egg_stradpole":2,"minecraft:golden_carrot":5,"minecraft:bow":9,"alexsmobs:spawn_egg_giant_squid":3,"alexsmobs:spawn_egg_potoo":2,"minecraft:brown_bed":7,"luminousworld:autumnplank":21,"minecraft:diamond_boots":1,"minecraft:stone_pickaxe":12,"minecraft:oak_planks":7,"alexsmobs:spawn_egg_tiger":2,"alexsmobs:spawn_egg_comb_jelly":1,"minecraft:wooden_pickaxe":16,"alexsmobs:spawn_egg_straddler":1,"minecraft:white_wool":4,"minecraft:golden_apple":1,"twilightforest:carminite_golem_spawn_egg":22,"alexsmobs:spawn_egg_gelada_monkey":2,"minecraft:crafting_table":9,"minecraft:oak_log":1,"minecraft:bread":33,"alexsmobs:spawn_egg_cosmaw":1,"minecraft:string":1,"minecraft:iron_pickaxe":213,"tombstone:grave_key":36,"mutantmonsters:mutant_snow_golem_spawn_egg":53,"eeeabsmobs:immortal_golem_egg":3,"alexsmobs:spawn_egg_rain_frog":6,"minecraft:stone_axe":51,"mutantmonsters:mutant_zombie_spawn_egg":3,"minecraft:diamond_sword":118,"minecraft:cobblestone":42,"enemyexpansion:tarantula_spawn_egg":4,"alexsmobs:animal_dictionary":3,"minecraft:oak_boat":3,"alexscaves:nuclear_bomb":26,"minecraft:smooth_stone":2},"minecraft:killed":{"illagerinvasion:archivist":2,"luminousworld:deer":1,"alexscaves:boundroid":2,"minecraft:spider":1,"minecraft:vindicator":5,"illagerinvasion:marauder":3,"alexscaves:ferrouslime":6,"born_in_chaos_v1:maggot":1,"minecraft:chicken":1,"illagerinvasion:provoker":2,"alexscaves:teletor":5,"eeeabsmobs:immortal_golem":1,"minecraft:pig":1,"alexsmobs:grizzly_bear":1,"undead_revamp2:the_moonflower":1,"minecraft:creeper":2,"alexscaves:magnetron":3,"luminousworld:mourning_cloak":1,"minecraft:zombie":9,"alexsmobs:crow":1,"minecraft:cow":2},"minecraft:killed_by":{"iceandfire:siren":1,"iceandfire:sea_serpent":3,"mowziesmobs:ferrous_wroughtnaut":6,"minecraft:vindicator":6,"alexsmobs:crocodile":1,"alexscaves:magnetron":4,"minecraft:zombie":6,"alexscaves:teletor":9,"alexscaves:boundroid":1,"illagerinvasion:marauder":2,"illagerinvasion:provoker":1},"minecraft:mined":{"minecraft:spruce_planks":4,"iceandfire:silver_ore":1,"luminousworld:grassvariant_4":1,"luminousworld:autumnleaves":1,"minecraft:dark_oak_log":2,"alexscaves:azure_neodymium_pillar":21,"alexscaves:metal_barrel":2,"minecraft:grass_block":9,"minecraft:blue_concrete":1,"minecraft:spruce_leaves":61,"alexscaves:galena":62,"minecraft:smooth_stone":2,"undead_revamp2:rareimmortalsummonblock":2,"minecraft:furnace":1,"minecraft:andesite":2,"alexscaves:heart_of_iron":3,"alexscaves:scarlet_neodymium_node":9,"minecraft:brown_bed":7,"minecraft:vine":14,"minecraft:potted_cornflower":1,"minecraft:stone":43,"minecraft:kelp_plant":1,"alexscaves:azure_neodymium_node":5,"minecraft:crafting_table":2,"luminousworld:auburnlog":7,"alexscaves:metal_swarf":10,"minecraft:cobblestone":38,"minecraft:sugar_cane":5,"minecraft:damaged_anvil":1,"placeablesmod:bread_full_block":1,"minecraft:cyan_wool":4,"minecraft:spruce_log":15,"luminousworld:autumnplank":1,"minecraft:grass":2,"minecraft:oak_log":40,"minecraft:coal_ore":10,"luminousworld:ishstone":4,"minecraft:dirt":13,"minecraft:cobweb":1,"minecraft:smooth_basalt":3,"alexscaves:packed_galena":2,"minecraft:stone_bricks":6,"minecraft:iron_trapdoor":1,"minecraft:oak_leaves":2,"alexscaves:scarlet_neodymium_pillar":11,"alexscaves:scrap_metal_plate":1},"minecraft:crafted":{"hangglider:glider_framework":1,"minecraft:oak_planks":60,"minecraft:golden_chestplate":1,"alexscaves:holocoder":1,"alexscaves:azure_neodymium_ingot":4,"minecraft:iron_boots":1,"minecraft:iron_axe":1,"minecraft:stone_pickaxe":1,"minecraft:diamond_boots":1,"alexscaves:scarlet_neodymium_ingot":3,"minecraft:spruce_boat":1,"luminousworld:autumnplank":28,"minecraft:diamond_sword":1,"minecraft:crafting_table":8,"minecraft:spruce_planks":36,"minecraft:wooden_pickaxe":1,"minecraft:stone_axe":1,"minecraft:oak_boat":3,"minecraft:shield":1,"minecraft:stick":36,"alexscaves:resistor_shield":1,"minecraft:torch":28}},"DataVersion":3465}