{"stats":{"minecraft:used":{"alexsmobs:animal_dictionary":1},"minecraft:picked_up":{"minecraft:spruce_log":5},"minecraft:crafted":{"minecraft:spruce_planks":20},"minecraft:custom":{"minecraft:jump":24,"minecraft:time_since_rest":12666,"minecraft:leave_game":1,"minecraft:damage_dealt":10,"minecraft:crouch_one_cm":478,"minecraft:damage_taken":30,"minecraft:sprint_one_cm":6550,"minecraft:play_time":12666,"minecraft:time_since_death":12666,"minecraft:walk_one_cm":4887,"minecraft:sneak_time":407,"minecraft:total_world_time":12666,"minecraft:mob_kills":1,"minecraft:fall_one_cm":778,"minecraft:fly_one_cm":4012},"minecraft:killed":{"luminousworld:mourning_cloak":1},"minecraft:mined":{"minecraft:spruce_log":5}},"DataVersion":3465}