{"stats":{"minecraft:used":{"minecraft:dirt":3,"alexsmobs:animal_dictionary":1},"minecraft:crafted":{"minecraft:spruce_planks":20},"minecraft:picked_up":{"iceandfire:dragon_skull_ice":1,"iceandfire:dragonbone":14,"minecraft:arrow":1,"supplementaries:ash":1,"minecraft:spruce_log":5,"minecraft:sugar_cane":7,"minecraft:dirt":4},"minecraft:dropped":{"minecraft:dirt":1},"minecraft:custom":{"minecraft:time_since_rest":3987,"minecraft:crouch_one_cm":609,"minecraft:sprint_one_cm":26349,"minecraft:play_time":36588,"minecraft:deaths":1,"minecraft:damage_taken":255,"minecraft:walk_one_cm":18915,"minecraft:sneak_time":603,"minecraft:mob_kills":1,"minecraft:drop":1,"minecraft:jump":125,"minecraft:damage_dealt":10,"minecraft:leave_game":2,"minecraft:time_since_death":4405,"minecraft:total_world_time":36588,"minecraft:fall_one_cm":4305,"minecraft:fly_one_cm":26018},"minecraft:killed":{"luminousworld:mourning_cloak":1},"minecraft:mined":{"minecraft:grass_block":3,"minecraft:dirt":3,"minecraft:spruce_log":5,"minecraft:sugar_cane":2}},"DataVersion":3465}