{"stats":{"minecraft:used":{"alexsmobs:animal_dictionary":1},"minecraft:crafted":{"minecraft:spruce_planks":20},"minecraft:picked_up":{"iceandfire:dragon_skull_ice":1,"iceandfire:dragonbone":14,"minecraft:arrow":1,"supplementaries:ash":1,"minecraft:spruce_log":5,"minecraft:sugar_cane":7},"minecraft:custom":{"minecraft:time_since_rest":29967,"minecraft:crouch_one_cm":517,"minecraft:sprint_one_cm":17056,"minecraft:play_time":29967,"minecraft:damage_taken":205,"minecraft:walk_one_cm":14388,"minecraft:sneak_time":497,"minecraft:mob_kills":1,"minecraft:jump":54,"minecraft:damage_dealt":10,"minecraft:leave_game":1,"minecraft:time_since_death":29967,"minecraft:total_world_time":29967,"minecraft:fall_one_cm":1196,"minecraft:fly_one_cm":12375},"minecraft:killed":{"luminousworld:mourning_cloak":1},"minecraft:mined":{"minecraft:spruce_log":5,"minecraft:sugar_cane":2}},"DataVersion":3465}